;ID;Player;Team;GP;W;L;MIN;Dist. Feet;DistMiles;DistMilesOff;DistMilesDef;AvgSpeed;AvgSpeedOff;AvgSpeedDef
1;2585;Zaza Pachulia;DAL;76;40;36;            26.4;            9201.1;            1.74;            0.92;            0.83;            3.96;            4.07;            3.85
2;2216;Zach Randolph;MEM;68;37;31;            29.6;            9961.4;            1.89;            1.00;            0.89;            3.81;            3.88;            3.73
3;203897;Zach LaVine;MIN;82;29;53;            28.0;            10646.9;            2.02;            1.05;            0.96;            4.33;            4.59;            4.06
4;204098;Xavier Munford;MEM;14;3;11;            17.4;            6962.1;            1.32;            0.72;            0.60;            4.53;            4.90;            4.15
5;203186;Willie Reed;BKN;39;8;31;            10.9;            4015.5;            0.76;            0.41;            0.35;            4.16;            4.43;            3.93
6;1626161;Willie Cauley-Stein;SAC;65;26;39;            21.4;            8489.4;            1.61;            0.85;            0.76;            4.49;            4.86;            4.14
7;203115;Will Barton;DEN;82;33;49;            28.7;            10544.6;            2.00;            1.10;            0.90;            4.16;            4.60;            3.73
8;202083;Wesley Matthews;DAL;78;40;38;            33.9;            12483.8;            2.36;            1.30;            1.06;            4.18;            4.51;            3.84
9;202325;Wesley Johnson;LAC;80;51;29;            20.8;            7665.3;            1.45;            0.76;            0.69;            4.17;            4.38;            3.95
10;201961;Wayne Ellington;BKN;76;18;58;            21.3;            8095.8;            1.53;            0.83;            0.71;            4.32;            4.60;            4.04
11;1713;Vince Carter;MEM;60;33;27;            16.8;            5878.4;            1.11;            0.61;            0.51;            3.98;            4.30;            3.64
12;203506;Victor Oladipo;ORL;71;32;39;            32.9;            12904.0;            2.44;            1.31;            1.13;            4.45;            4.81;            4.10
13;2617;Udonis Haslem;MIA;37;25;12;            7.0;            2341.7;            0.44;            0.24;            0.20;            3.77;            3.99;            3.53
14;1626145;Tyus Jones;MIN;37;13;24;            15.5;            6092.0;            1.15;            0.60;            0.55;            4.47;            4.78;            4.17
15;2199;Tyson Chandler;PHX;66;18;48;            24.5;            8335.9;            1.58;            0.83;            0.75;            3.86;            4.03;            3.69
16;201936;Tyreke Evans;NOP;25;11;14;            30.6;            10764.9;            2.04;            1.14;            0.90;            4.00;            4.57;            3.43
17;203092;Tyler Zeller;BOS;59;37;22;            11.8;            4425.4;            0.84;            0.45;            0.39;            4.25;            4.67;            3.82
18;204020;Tyler Johnson;MIA;36;19;17;            24.0;            9005.4;            1.71;            0.93;            0.77;            4.25;            4.57;            3.92
19;201946;Tyler Hansbrough;CHA;44;28;16;            7.8;            2799.6;            0.53;            0.28;            0.25;            4.07;            4.18;            3.94
20;203898;Tyler Ennis;MIL;46;17;29;            14.2;            5562.3;            1.05;            0.57;            0.48;            4.44;            4.84;            4.03
21;201951;Ty Lawson;IND;66;31;35;            21.4;            7986.4;            1.51;            0.79;            0.73;            4.23;            4.52;            3.97
22;203584;Troy Daniels;CHA;43;25;18;            11.1;            4461.0;            0.84;            0.47;            0.38;            4.56;            4.96;            4.14
23;202684;Tristan Thompson;CLE;82;57;25;            27.7;            10334.6;            1.96;            1.06;            0.89;            4.24;            4.46;            4.01
24;1626168;Trey Lyles;UTA;80;38;42;            17.3;            6400.0;            1.21;            0.68;            0.54;            4.20;            4.43;            3.94
25;203504;Trey Burke;UTA;64;31;33;            21.3;            8104.0;            1.53;            0.87;            0.67;            4.31;            4.66;            3.93
26;202344;Trevor Booker;UTA;79;39;40;            20.7;            7800.4;            1.48;            0.83;            0.65;            4.28;            4.57;            3.96
27;2772;Trevor Ariza;HOU;81;40;41;            35.3;            12409.9;            2.35;            1.18;            1.17;            3.99;            4.16;            3.83
28;203100;Tony Wroten;NYK;8;0;8;            18.0;            7061.8;            1.34;            0.74;            0.60;            4.45;            4.90;            4.00
29;203503;Tony Snell;CHI;64;33;31;            20.3;            7491.8;            1.42;            0.76;            0.66;            4.18;            4.55;            3.83
30;2225;Tony Parker;SAS;72;59;13;            27.5;            10981.6;            2.08;            1.22;            0.86;            4.53;            5.08;            3.93
31;2754;Tony Allen;MEM;64;34;30;            25.3;            9164.9;            1.74;            0.90;            0.83;            4.11;            4.19;            4.03
32;201962;Toney Douglas;NOP;61;22;39;            20.7;            8496.4;            1.61;            0.87;            0.74;            4.66;            5.14;            4.19
33;202699;Tobias Harris;DET;75;37;38;            32.9;            12431.2;            2.35;            1.29;            1.06;            4.28;            4.71;            3.86
34;202389;Timofey Mozgov;CLE;76;52;24;            17.4;            6716.0;            1.27;            0.70;            0.57;            4.38;            4.77;            3.99
35;203501;Tim Hardaway Jr.;ATL;51;29;22;            16.9;            6314.3;            1.20;            0.62;            0.58;            4.22;            4.60;            3.88
36;204025;Tim Frazier;NOP;51;25;26;            14.5;            5461.2;            1.03;            0.57;            0.47;            4.26;            4.70;            3.83
37;1495;Tim Duncan;SAS;61;50;11;            25.2;            8384.8;            1.59;            0.86;            0.72;            3.78;            3.93;            3.61
38;202353;Tibor Pleiss;UTA;12;7;5;            6.8;            2442.1;            0.46;            0.26;            0.21;            4.12;            4.34;            3.90
39;201168;Tiago Splitter;ATL;36;21;15;            16.1;            5884.3;            1.11;            0.58;            0.53;            4.14;            4.46;            3.85
40;203080;Thomas Robinson;BKN;71;16;55;            12.9;            4791.4;            0.91;            0.49;            0.42;            4.20;            4.44;            3.95
41;203648;Thanasis Antetokounmpo;NYK;2;1;1;            3.1;            1293.5;            0.24;            0.12;            0.13;            4.76;            4.35;            5.07
42;201152;Thaddeus Young;BKN;73;21;52;            33.0;            12291.5;            2.33;            1.25;            1.08;            4.23;            4.53;            3.92
43;200757;Thabo Sefolosha;ATL;75;42;33;            23.4;            8743.6;            1.66;            0.85;            0.80;            4.23;            4.52;            3.96
44;1626179;Terry Rozier;BOS;38;23;15;            8.1;            3202.7;            0.61;            0.32;            0.28;            4.45;            4.76;            4.18
45;203082;Terrence Ross;TOR;72;52;20;            24.0;            9034.6;            1.71;            0.94;            0.77;            4.27;            4.52;            3.99
46;203093;Terrence Jones;HOU;50;24;26;            20.9;            7537.6;            1.43;            0.75;            0.68;            4.09;            4.38;            3.81
47;2419;Tayshaun Prince;MIN;77;27;50;            19.0;            6685.7;            1.27;            0.65;            0.61;            4.00;            4.16;            3.85
48;204028;Tarik Black;LAL;39;6;33;            12.7;            4669.4;            0.88;            0.48;            0.40;            4.16;            4.60;            3.72
49;201959;Taj Gibson;CHI;73;37;36;            26.5;            9524.9;            1.80;            0.96;            0.85;            4.08;            4.35;            3.81
50;203933;TJ Warren;PHX;47;14;33;            22.8;            8803.0;            1.67;            0.87;            0.79;            4.37;            4.55;            4.19
51;204456;TJ McConnell;PHI;81;10;71;            19.8;            8401.0;            1.59;            0.90;            0.70;            4.81;            5.24;            4.35
52;203500;Steven Adams;OKC;80;54;26;            25.2;            9339.0;            1.77;            0.97;            0.80;            4.20;            4.76;            3.68
53;200779;Steve Novak;MIL;10;8;2;            4.4;            1679.2;            0.32;            0.19;            0.13;            4.33;            4.86;            3.72
54;2581;Steve Blake;DET;58;34;24;            17.0;            6503.5;            1.23;            0.71;            0.53;            4.33;            4.89;            3.76
55;201939;Stephen Curry;GSW;79;71;8;            34.2;            12858.4;            2.44;            1.34;            1.10;            4.26;            5.05;            3.58
56;1626169;Stanley Johnson;DET;73;37;36;            23.1;            8888.5;            1.68;            0.90;            0.78;            4.36;            4.66;            4.05
57;201150;Spencer Hawes;CHA;57;30;27;            18.2;            6486.1;            1.23;            0.68;            0.54;            4.06;            4.44;            3.66
58;203915;Spencer Dinwiddie;CHI;12;5;7;            13.3;            4782.8;            0.91;            0.52;            0.38;            4.10;            4.53;            3.57
59;201603;Sonny Weems;PHX;43;6;37;            11.6;            4352.9;            0.82;            0.43;            0.39;            4.28;            4.53;            3.99
60;203524;Solomon Hill;IND;59;31;28;            14.7;            5278.2;            1.00;            0.53;            0.47;            4.08;            4.41;            3.76
61;202714;Shelvin Mack;UTA;52;27;25;            20.3;            8100.7;            1.53;            0.89;            0.64;            4.52;            5.04;            3.94
62;203963;Shayne Whittington;IND;7;4;3;            5.8;            2285.3;            0.43;            0.24;            0.19;            4.43;            4.89;            4.23
63;2733;Shaun Livingston;GSW;78;69;9;            19.5;            7460.4;            1.41;            0.78;            0.63;            4.33;            4.97;            3.75
64;203499;Shane Larkin;BKN;78;20;58;            22.4;            8483.2;            1.61;            0.87;            0.73;            4.30;            4.64;            3.93
65;203894;Shabazz Napier;ORL;55;23;32;            10.9;            4269.1;            0.81;            0.43;            0.38;            4.43;            4.77;            4.10
66;203498;Shabazz Muhammad;MIN;82;29;53;            20.5;            7735.9;            1.47;            0.74;            0.72;            4.28;            4.42;            4.16
67;203552;Seth Curry;SAC;43;17;26;            15.6;            5811.7;            1.10;            0.58;            0.52;            4.25;            4.63;            3.89
68;203508;Sergey Karasev;BKN;40;9;31;            10.0;            3814.8;            0.72;            0.38;            0.34;            4.32;            4.71;            3.94
69;201586;Serge Ibaka;OKC;78;54;24;            32.0;            11019.6;            2.09;            1.10;            0.99;            3.90;            4.22;            3.59
70;203930;Sean Kilpatrick;BKN;31;7;24;            19.9;            7363.0;            1.39;            0.74;            0.65;            4.19;            4.56;            3.87
71;2756;Sasha Vujacic;NYK;61;22;39;            14.9;            5789.0;            1.10;            0.61;            0.49;            4.41;            4.78;            4.04
72;201619;Sasha Kaun;CLE;25;18;7;            3.8;            1429.8;            0.27;            0.15;            0.12;            4.25;            4.41;            4.10
73;1626155;Sam Dekker;HOU;3;1;2;            2.0;            862.3;            0.16;            0.07;            0.09;            4.66;            5.02;            4.45
74;1626257;Salah Mejri;DAL;34;16;18;            11.7;            4337.3;            0.82;            0.44;            0.39;            4.22;            4.37;            4.05
75;203527;Ryan Kelly;LAL;36;3;33;            13.1;            4686.0;            0.89;            0.47;            0.41;            4.06;            4.53;            3.65
76;200797;Ryan Hollins;MEM;37;18;19;            12.4;            4396.6;            0.83;            0.44;            0.39;            4.01;            4.18;            3.84
77;201583;Ryan Anderson;NOP;66;24;42;            30.4;            10738.4;            2.03;            1.10;            0.94;            3.99;            4.46;            3.56
78;201566;Russell Westbrook;OKC;80;55;25;            34.4;            12420.5;            2.35;            1.28;            1.08;            4.10;            4.61;            3.61
79;203893;Russ Smith;MEM;15;6;9;            4.4;            1721.4;            0.33;            0.18;            0.15;            4.44;            4.90;            3.97
80;203497;Rudy Gobert;UTA;61;33;28;            31.7;            11589.1;            2.19;            1.22;            0.97;            4.15;            4.42;            3.86
81;200752;Rudy Gay;SAC;69;29;40;            34.0;            12434.0;            2.35;            1.23;            1.12;            4.16;            4.46;            3.86
82;201579;Roy Hibbert;LAL;81;17;64;            23.2;            8221.1;            1.56;            0.84;            0.71;            4.02;            4.17;            3.86
83;101179;Ronnie Price;PHX;62;20;42;            19.5;            7646.7;            1.45;            0.76;            0.69;            4.43;            4.69;            4.17
84;1626178;Rondae Hollis-Jefferson;BKN;29;7;22;            21.2;            8282.3;            1.57;            0.81;            0.76;            4.43;            4.64;            4.22
85;201155;Rodney Stuckey;IND;58;33;25;            22.0;            7567.7;            1.43;            0.76;            0.67;            3.91;            4.18;            3.64
86;203918;Rodney Hood;UTA;79;39;40;            32.2;            11690.1;            2.21;            1.26;            0.95;            4.12;            4.46;            3.75
87;201577;Robin Lopez;NYK;82;32;50;            27.1;            9777.0;            1.85;            1.02;            0.83;            4.09;            4.37;            3.82
88;203135;Robert Sacre;LAL;25;2;23;            12.8;            4447.9;            0.84;            0.46;            0.39;            3.96;            4.20;            3.64
89;203496;Robert Covington;PHI;67;10;57;            28.4;            10528.5;            1.99;            1.07;            0.92;            4.21;            4.50;            3.91
90;201937;Ricky Rubio;MIN;76;28;48;            30.6;            11436.1;            2.17;            1.16;            1.01;            4.25;            4.61;            3.90
91;1626158;Richaun Holmes;PHI;51;7;44;            13.8;            5123.7;            0.97;            0.52;            0.45;            4.21;            4.54;            3.89
92;2210;Richard Jefferson;CLE;74;51;23;            17.9;            6196.9;            1.17;            0.61;            0.56;            3.93;            3.97;            3.89
93;202704;Reggie Jackson;DET;79;43;36;            30.7;            11106.1;            2.10;            1.15;            0.96;            4.10;            4.50;            3.72
94;203493;Reggie Bullock;DET;37;22;15;            11.6;            4547.9;            0.86;            0.48;            0.38;            4.45;            4.89;            4.00
95;101109;Raymond Felton;DAL;80;40;40;            27.4;            9878.8;            1.87;            1.03;            0.85;            4.09;            4.37;            3.80
96;203492;Ray McCallum;SAS;41;30;11;            11.6;            4776.4;            0.90;            0.52;            0.39;            4.68;            5.15;            4.18
97;203526;Raul Neto;UTA;81;40;41;            18.5;            7256.4;            1.37;            0.77;            0.61;            4.45;            4.73;            4.15
98;2446;Rasual Butler;SAS;46;41;5;            9.4;            3502.0;            0.66;            0.37;            0.29;            4.23;            4.47;            3.98
99;1626173;Rashad Vaughn;MIL;70;30;40;            14.3;            5472.3;            1.04;            0.53;            0.51;            4.34;            4.45;            4.23
100;200751;Randy Foye;OKC;81;37;44;            20.3;            7213.4;            1.37;            0.74;            0.62;            4.04;            4.38;            3.69
101;201196;Ramon Sessions;WAS;82;41;41;            20.3;            7493.7;            1.42;            0.75;            0.67;            4.18;            4.61;            3.77
102;1626176;Rakeem Christmas;IND;1;1;0;            6.1;            2006.0;            0.38;            0.20;            0.18;            3.90;            3.90;            4.00
103;200765;Rajon Rondo;SAC;71;29;42;            35.4;            12625.1;            2.39;            1.26;            1.13;            4.05;            4.40;            3.71
104;1626154;RJ Hunter;BOS;35;20;15;            8.8;            3249.5;            0.62;            0.33;            0.29;            4.19;            4.60;            3.83
105;203112;Quincy Acy;SAC;58;21;37;            15.0;            5621.4;            1.06;            0.55;            0.51;            4.26;            4.51;            4.02
106;203515;Phil Pressey;POR;23;3;20;            12.3;            5066.5;            0.96;            0.51;            0.45;            4.71;            5.19;            4.27
107;1718;Paul Pierce;LAC;68;44;24;            18.1;            5866.2;            1.11;            0.59;            0.52;            3.68;            3.90;            3.45
108;200794;Paul Millsap;ATL;81;48;33;            32.7;            11925.0;            2.26;            1.20;            1.06;            4.14;            4.49;            3.80
109;202331;Paul George;IND;81;44;37;            34.8;            12950.4;            2.45;            1.32;            1.13;            4.23;            4.59;            3.86
110;2200;Pau Gasol;CHI;72;36;36;            31.8;            10770.4;            2.04;            1.11;            0.93;            3.84;            4.17;            3.52
111;201988;Patty Mills;SAS;81;66;15;            20.5;            8530.8;            1.62;            0.92;            0.70;            4.72;            5.27;            4.14
112;202335;Patrick Patterson;TOR;78;53;25;            25.4;            8806.8;            1.67;            0.91;            0.76;            3.93;            4.12;            3.72
113;201976;Patrick Beverley;HOU;71;35;36;            28.7;            11338.6;            2.15;            1.14;            1.01;            4.47;            4.95;            4.04
114;1626192;Pat Connaughton;POR;34;17;17;            4.2;            1565.4;            0.30;            0.17;            0.13;            4.20;            4.57;            3.81
115;203143;Pablo Prigioni;LAC;59;37;22;            13.9;            5619.2;            1.06;            0.56;            0.50;            4.57;            4.73;            4.40
116;200782;PJ Tucker;PHX;82;23;59;            31.0;            10918.7;            2.07;            1.07;            1.00;            4.01;            4.15;            3.87
117;203798;PJ Hairston;MEM;66;31;35;            19.9;            7362.4;            1.39;            0.75;            0.64;            4.20;            4.51;            3.89
118;203490;Otto Porter;WAS;75;36;39;            30.4;            11844.8;            2.24;            1.17;            1.07;            4.43;            4.87;            4.03
119;203111;Orlando Johnson;NOP;7;1;6;            14.5;            5498.9;            1.04;            0.58;            0.47;            4.26;            4.58;            3.97
120;201956;Omri Casspi;SAC;69;27;42;            27.3;            10179.7;            1.93;            1.04;            0.89;            4.25;            4.73;            3.81
121;201600;Omer Asik;NOP;68;29;39;            17.3;            6074.4;            1.15;            0.62;            0.53;            3.98;            4.33;            3.62
122;201564;O.J. Mayo;MIL;41;17;24;            26.6;            9381.7;            1.78;            0.90;            0.88;            4.01;            4.21;            3.82
123;202708;Norris Cole;NOP;45;20;25;            26.6;            10069.6;            1.91;            1.06;            0.85;            4.29;            4.96;            3.67
124;1626181;Norman Powell;TOR;48;31;17;            15.1;            5799.2;            1.10;            0.61;            0.48;            4.37;            4.63;            4.10
125;203943;Noah Vonleh;POR;78;41;37;            15.1;            5687.6;            1.08;            0.59;            0.48;            4.30;            4.64;            3.95
126;202696;Nikola Vucevic;ORL;64;28;36;            31.2;            10854.6;            2.06;            1.10;            0.96;            3.93;            4.18;            3.70
127;201593;Nikola Pekovic;MIN;12;2;10;            13.0;            4109.7;            0.78;            0.39;            0.39;            3.64;            3.60;            3.65
128;202703;Nikola Mirotic;CHI;66;37;29;            24.9;            9083.3;            1.72;            0.92;            0.80;            4.14;            4.46;            3.82
129;203999;Nikola Jokic;DEN;80;31;49;            21.7;            7872.5;            1.49;            0.81;            0.68;            4.13;            4.55;            3.71
130;203917;Nik Stauskas;PHI;73;8;65;            24.8;            9665.3;            1.83;            1.00;            0.83;            4.42;            4.73;            4.10
131;201587;Nicolas Batum;CHA;70;41;29;            35.0;            13246.8;            2.51;            1.38;            1.12;            4.29;            4.71;            3.87
132;201156;Nick Young;LAL;54;13;41;            19.1;            6513.0;            1.23;            0.67;            0.56;            3.84;            4.11;            3.57
133;2555;Nick Collison;OKC;59;39;20;            11.8;            4324.2;            0.82;            0.44;            0.38;            4.14;            4.46;            3.81
134;203457;Nerlens Noel;PHI;67;10;57;            29.3;            10697.1;            2.03;            1.10;            0.93;            4.14;            4.42;            3.86
135;2403;Nene;WAS;57;28;29;            19.2;            6703.8;            1.27;            0.64;            0.63;            3.97;            4.21;            3.75
136;202357;Nemanja Bjelica;MIN;60;20;40;            17.9;            6672.1;            1.26;            0.69;            0.57;            4.23;            4.67;            3.78
137;1737;Nazr Mohammed;OKC;5;5;0;            3.9;            1299.0;            0.25;            0.14;            0.11;            3.68;            4.22;            3.76
138;101126;Nate Robinson;NOP;2;0;2;            11.7;            4409.0;            0.84;            0.46;            0.38;            4.48;            4.55;            4.32
139;1626167;Myles Turner;IND;60;32;28;            22.8;            8490.3;            1.61;            0.87;            0.74;            4.23;            4.60;            3.87
140;1626149;Montrezl Harrell;HOU;39;17;22;            9.7;            3640.5;            0.69;            0.35;            0.34;            4.24;            4.63;            3.94
141;101145;Monta Ellis;IND;81;44;37;            33.8;            12011.6;            2.27;            1.23;            1.04;            4.04;            4.40;            3.69
142;2590;Mo Williams;CLE;41;27;14;            18.2;            6610.3;            1.25;            0.69;            0.56;            4.11;            4.36;            3.84
143;203956;Mitch McGary;OKC;20;17;3;            3.6;            1401.8;            0.27;            0.16;            0.11;            4.36;            4.69;            3.96
144;203141;Mirza Teletovic;PHX;79;23;56;            21.3;            7801.7;            1.48;            0.83;            0.65;            4.15;            4.66;            3.64
145;203101;Miles Plumlee;MIL;61;23;38;            14.3;            5442.7;            1.03;            0.53;            0.50;            4.33;            4.56;            4.12
146;203118;Mike Scott;ATL;75;46;29;            15.3;            5886.9;            1.11;            0.59;            0.53;            4.37;            4.79;            3.96
147;203488;Mike Muscala;ATL;60;34;26;            9.4;            3691.6;            0.70;            0.38;            0.32;            4.45;            4.95;            3.97
148;2034;Mike Miller;DEN;47;21;26;            7.9;            2897.3;            0.55;            0.30;            0.25;            4.15;            4.59;            3.70
149;2399;Mike Dunleavy;CHI;31;13;18;            22.7;            8827.8;            1.67;            0.94;            0.73;            4.41;            4.90;            3.94
150;201144;Mike Conley;MEM;56;33;23;            31.4;            11784.8;            2.23;            1.25;            0.98;            4.24;            4.61;            3.88
151;203077;Michael Kidd-Gilchrist;CHA;7;5;2;            29.3;            11351.9;            2.15;            1.13;            1.02;            4.39;            4.61;            4.17
152;203487;Michael Carter-Williams;MIL;54;21;33;            30.5;            11848.8;            2.24;            1.20;            1.04;            4.40;            4.86;            3.98
153;201563;Michael Beasley;HOU;20;10;10;            18.1;            6829.6;            1.29;            0.67;            0.63;            4.29;            4.68;            3.88
154;203086;Meyers Leonard;POR;61;33;28;            21.9;            7371.3;            1.40;            0.76;            0.63;            3.84;            4.12;            3.54
155;1897;Metta World Peace;LAL;35;6;29;            16.9;            5971.0;            1.13;            0.59;            0.54;            4.03;            4.28;            3.78
156;203090;Maurice Harkless;POR;78;40;38;            18.7;            7194.3;            1.36;            0.74;            0.62;            4.37;            4.67;            4.07
157;203521;Matthew Dellavedova;CLE;76;54;22;            24.6;            9083.7;            1.72;            0.96;            0.76;            4.21;            4.59;            3.81
158;2588;Matt Bonner;SAS;30;25;5;            6.9;            2599.6;            0.49;            0.29;            0.21;            4.31;            4.70;            3.86
159;2440;Matt Barnes;MEM;76;38;38;            28.8;            10767.7;            2.04;            1.13;            0.91;            4.24;            4.63;            3.82
160;203486;Mason Plumlee;POR;82;44;38;            25.4;            9330.8;            1.77;            0.97;            0.80;            4.17;            4.52;            3.82
161;101107;Marvin Williams;CHA;81;47;34;            28.9;            10613.4;            2.01;            1.12;            0.89;            4.17;            4.63;            3.72
162;201578;Marreese Speights;GSW;72;64;8;            11.6;            3900.6;            0.74;            0.39;            0.35;            3.83;            4.10;            3.55
163;202693;Markieff Morris;WAS;64;22;42;            25.4;            8561.8;            1.62;            0.86;            0.76;            3.81;            4.14;            3.51
164;203900;Markel Brown;BKN;62;12;50;            15.8;            5898.2;            1.12;            0.58;            0.54;            4.22;            4.45;            3.99
165;1626209;Mario Hezonja;ORL;78;33;45;            17.9;            7143.6;            1.35;            0.73;            0.62;            4.50;            4.94;            4.09
166;201596;Mario Chalmers;MIA;61;38;23;            22.5;            7993.5;            1.51;            0.85;            0.66;            4.03;            4.48;            3.54
167;201977;Marcus Thornton;WAS;61;32;29;            18.2;            6617.3;            1.25;            0.66;            0.60;            4.12;            4.41;            3.85
168;203935;Marcus Smart;BOS;61;36;25;            27.3;            9937.6;            1.88;            0.98;            0.90;            4.12;            4.48;            3.79
169;202694;Marcus Morris;DET;80;42;38;            35.7;            12884.5;            2.44;            1.32;            1.12;            4.09;            4.42;            3.76
170;201158;Marco Belinelli;SAC;67;27;40;            24.6;            9289.7;            1.76;            0.99;            0.77;            4.28;            4.83;            3.73
171;101162;Marcin Gortat;WAS;75;35;40;            30.1;            11054.2;            2.09;            1.10;            0.99;            4.17;            4.58;            3.79
172;1626273;Marcelo Huertas;LAL;53;8;45;            16.4;            6348.0;            1.20;            0.65;            0.55;            4.38;            4.80;            3.99
173;201188;Marc Gasol;MEM;52;30;22;            34.4;            10874.9;            2.06;            1.12;            0.94;            3.58;            3.74;            3.40
174;1938;Manu Ginobili;SAS;58;47;11;            19.6;            7125.2;            1.35;            0.74;            0.61;            4.14;            4.47;            3.79
175;2736;Luol Deng;MIA;74;45;29;            32.4;            12106.9;            2.29;            1.27;            1.02;            4.24;            4.57;            3.89
176;202337;Luke Babbitt;NOP;47;16;31;            18.0;            7020.2;            1.33;            0.73;            0.60;            4.42;            4.96;            3.92
177;2449;Luis Scola;TOR;75;49;26;            21.6;            8122.8;            1.54;            0.86;            0.67;            4.28;            4.48;            4.06
178;1626242;Luis Montero;POR;12;6;6;            3.5;            1302.4;            0.25;            0.14;            0.10;            4.26;            4.37;            3.82
179;203512;Lucas Nogueira;TOR;29;17;12;            7.8;            2816.5;            0.53;            0.29;            0.25;            4.13;            4.35;            3.88
180;201601;Luc Mbah a Moute;LAC;75;49;26;            17.0;            6310.6;            1.20;            0.62;            0.58;            4.19;            4.42;            3.97
181;101150;Lou Williams;LAL;67;14;53;            28.5;            9680.5;            1.83;            1.01;            0.82;            3.85;            4.19;            3.51
182;200811;Lou Amundson;NYK;29;11;18;            7.0;            2627.2;            0.50;            0.27;            0.23;            4.20;            4.69;            3.76
183;203485;Lorenzo Brown;DET;8;1;7;            7.6;            3101.9;            0.59;            0.31;            0.28;            4.64;            4.96;            4.31
184;2571;Leandro Barbosa;GSW;68;60;8;            15.9;            6021.6;            1.14;            0.63;            0.51;            4.30;            4.84;            3.78
185;2544;LeBron James;CLE;76;56;20;            35.6;            12057.1;            2.28;            1.24;            1.04;            3.85;            4.06;            3.62
186;202730;Lavoy Allen;IND;79;43;36;            20.2;            7268.3;            1.38;            0.73;            0.65;            4.08;            4.35;            3.81
187;1626204;Larry Nance Jr.;LAL;63;14;49;            20.1;            7861.3;            1.49;            0.83;            0.66;            4.43;            4.79;            4.05
188;204038;Langston Galloway;NYK;82;32;50;            24.8;            9461.5;            1.79;            0.98;            0.81;            4.31;            4.64;            3.98
189;202498;Lance Thomas;NYK;59;25;34;            22.3;            8482.9;            1.61;            0.87;            0.74;            4.32;            4.58;            4.04
190;202362;Lance Stephenson;MEM;69;36;33;            19.9;            6924.4;            1.31;            0.69;            0.62;            3.94;            4.15;            3.74
191;203934;Lamar Patterson;ATL;35;23;12;            11.3;            4400.5;            0.83;            0.44;            0.39;            4.42;            4.71;            4.08
192;200746;LaMarcus Aldridge;SAS;74;61;13;            30.6;            10843.9;            2.05;            1.12;            0.93;            4.03;            4.25;            3.81
193;202681;Kyrie Irving;CLE;53;37;16;            31.5;            11172.6;            2.12;            1.18;            0.93;            4.04;            4.35;            3.71
194;202713;Kyle Singler;OKC;68;43;25;            14.4;            5627.9;            1.07;            0.58;            0.48;            4.44;            4.76;            4.10
195;203124;Kyle O'Quinn;NYK;65;26;39;            11.8;            4082.7;            0.77;            0.42;            0.35;            3.94;            4.20;            3.67
196;200768;Kyle Lowry;TOR;76;53;23;            36.9;            12891.6;            2.44;            1.39;            1.05;            3.97;            4.30;            3.60
197;2594;Kyle Korver;ATL;80;46;34;            30.0;            11348.7;            2.15;            1.14;            1.01;            4.28;            4.70;            3.90
198;203937;Kyle Anderson;SAS;78;64;14;            16.0;            5963.0;            1.13;            0.64;            0.49;            4.24;            4.64;            3.81
199;204001;Kristaps Porzingis;NYK;72;28;44;            28.4;            10134.7;            1.92;            1.05;            0.87;            4.04;            4.33;            3.75
200;2743;Kris Humphries;ATL;53;29;24;            15.8;            5934.6;            1.12;            0.60;            0.52;            4.28;            4.75;            3.85
201;203123;Kostas Papanikolaou;DEN;26;8;18;            11.3;            4370.3;            0.83;            0.45;            0.38;            4.39;            4.82;            3.94
202;201585;Kosta Koufos;SAC;77;32;45;            19.0;            7135.5;            1.35;            0.73;            0.62;            4.27;            4.62;            3.91
203;977;Kobe Bryant;LAL;66;13;53;            28.2;            9844.0;            1.86;            1.02;            0.84;            3.96;            4.18;            3.72
204;202691;Klay Thompson;GSW;80;71;9;            33.3;            12577.0;            2.38;            1.27;            1.11;            4.28;            4.87;            3.76
205;2550;Kirk Hinrich;ATL;46;26;20;            13.7;            5366.0;            1.02;            0.56;            0.46;            4.45;            4.86;            4.04
206;203114;Khris Middleton;MIL;79;33;46;            36.1;            12992.8;            2.46;            1.29;            1.17;            4.09;            4.40;            3.78
207;1626172;Kevon Looney;GSW;5;4;1;            4.1;            1563.0;            0.30;            0.17;            0.13;            4.37;            4.16;            3.90
208;202338;Kevin Seraphin;NYK;48;15;33;            11.0;            4093.2;            0.78;            0.42;            0.35;            4.22;            4.57;            3.87
209;2755;Kevin Martin;SAS;55;24;31;            19.9;            7144.4;            1.35;            0.72;            0.64;            4.07;            4.27;            3.87
210;201567;Kevin Love;CLE;77;53;24;            31.5;            10935.8;            2.07;            1.11;            0.96;            3.96;            4.13;            3.76
211;708;Kevin Garnett;MIN;38;14;24;            14.6;            5362.0;            1.02;            0.55;            0.47;            4.16;            4.67;            3.68
212;201142;Kevin Durant;OKC;72;52;20;            35.8;            11880.0;            2.25;            1.21;            1.04;            3.76;            4.18;            3.37
213;203484;Kentavious Caldwell-Pope;DET;76;41;35;            36.7;            13385.5;            2.54;            1.35;            1.19;            4.14;            4.41;            3.87
214;203145;Kent Bazemore;ATL;75;44;31;            27.8;            10762.0;            2.04;            1.04;            1.00;            4.40;            4.66;            4.16
215;202702;Kenneth Faried;DEN;67;26;41;            25.3;            9143.1;            1.73;            0.94;            0.79;            4.10;            4.38;            3.81
216;2570;Kendrick Perkins;NOP;37;13;24;            14.7;            4984.6;            0.94;            0.51;            0.44;            3.85;            4.20;            3.52
217;203088;Kendall Marshall;PHI;30;3;27;            13.3;            4966.7;            0.94;            0.52;            0.42;            4.22;            4.71;            3.76
218;202689;Kemba Walker;CHA;81;47;34;            35.6;            12992.8;            2.46;            1.39;            1.07;            4.13;            4.65;            3.62
219;1626162;Kelly Oubre Jr.;WAS;63;31;32;            10.7;            4074.8;            0.77;            0.41;            0.36;            4.35;            4.68;            4.01
220;203482;Kelly Olynyk;BOS;68;39;29;            20.1;            7529.4;            1.43;            0.79;            0.64;            4.24;            4.79;            3.70
221;203951;Keith Appling;ORL;5;0;5;            5.4;            2133.0;            0.40;            0.21;            0.20;            4.45;            4.78;            4.13
222;202695;Kawhi Leonard;SAS;72;60;12;            33.0;            12800.4;            2.42;            1.35;            1.07;            4.40;            4.73;            4.04
223;1626157;Karl-Anthony Towns;MIN;82;29;53;            32.0;            11253.5;            2.13;            1.11;            1.02;            4.00;            4.25;            3.75
224;203909;KJ McDaniels;HOU;37;17;20;            6.4;            2448.8;            0.46;            0.24;            0.22;            4.34;            5.04;            3.80
225;203994;Jusuf Nurkic;DEN;32;14;18;            17.1;            6166.1;            1.17;            0.62;            0.55;            4.10;            4.40;            3.77
226;1626159;Justise Winslow;MIA;78;46;32;            28.6;            10495.7;            1.99;            1.06;            0.93;            4.16;            4.36;            3.95
227;203200;Justin Holiday;CHI;53;28;25;            14.6;            5508.1;            1.04;            0.55;            0.49;            4.29;            4.68;            3.93
228;202712;Justin Harper;BKN;5;4;1;            7.0;            2576.8;            0.49;            0.27;            0.21;            4.07;            4.72;            3.76
229;1626147;Justin Anderson;DAL;55;28;27;            11.8;            4485.1;            0.85;            0.48;            0.37;            4.34;            4.80;            3.86
230;203944;Julius Randle;LAL;81;17;64;            28.2;            9990.3;            1.89;            1.05;            0.84;            4.02;            4.29;            3.71
231;201950;Jrue Holiday;NOP;65;27;38;            28.2;            10893.9;            2.06;            1.13;            0.93;            4.38;            5.06;            3.77
232;2746;Josh Smith;HOU;55;31;24;            16.0;            5309.8;            1.01;            0.52;            0.48;            3.76;            3.97;            3.55
233;1626196;Josh Richardson;MIA;52;29;23;            21.3;            8041.9;            1.52;            0.83;            0.70;            4.28;            4.47;            4.07
234;201177;Josh McRoberts;MIA;42;27;15;            14.2;            5077.6;            0.96;            0.55;            0.41;            4.07;            4.59;            3.54
235;203962;Josh Huestis;OKC;5;2;3;            11.0;            4277.0;            0.81;            0.45;            0.36;            4.47;            4.89;            3.80
236;101181;Jose Calderon;NYK;72;29;43;            28.1;            10420.7;            1.97;            1.13;            0.85;            4.21;            4.65;            3.74
237;203268;Jorge Gutierrez;CHA;12;9;3;            5.3;            2067.8;            0.39;            0.21;            0.18;            4.42;            4.62;            4.24
238;1626175;Jordan Mickey;BOS;16;9;7;            3.6;            1306.7;            0.25;            0.13;            0.12;            4.16;            4.48;            3.65
239;203895;Jordan McRae;CLE;22;10;12;            8.9;            3172.9;            0.60;            0.33;            0.28;            4.03;            4.51;            3.64
240;201941;Jordan Hill;IND;73;40;33;            20.7;            7261.9;            1.38;            0.73;            0.64;            3.98;            4.14;            3.80
241;202706;Jordan Hamilton;NOP;11;4;7;            27.6;            10507.1;            1.99;            1.06;            0.93;            4.32;            4.57;            4.01
242;200770;Jordan Farmar;MEM;12;2;10;            24.3;            9209.3;            1.74;            0.97;            0.77;            4.30;            4.83;            3.77
243;203903;Jordan Clarkson;LAL;79;17;62;            32.3;            12361.9;            2.34;            1.28;            1.06;            4.33;            4.56;            4.08
244;203919;Jordan Adams;MEM;2;0;2;            7.3;            3062.5;            0.58;            0.31;            0.27;            4.87;            5.02;            3.96
245;203613;Jonathon Simmons;SAS;55;47;8;            14.8;            5574.7;            1.06;            0.59;            0.46;            4.28;            4.61;            3.92
246;202685;Jonas Valanciunas;TOR;59;39;20;            25.9;            9121.1;            1.73;            0.96;            0.77;            4.00;            4.16;            3.82
247;201973;Jonas Jerebko;BOS;77;46;31;            15.1;            5749.7;            1.09;            0.59;            0.50;            4.32;            4.76;            3.91
248;202720;Jon Leuer;PHX;67;22;45;            18.7;            7239.1;            1.37;            0.73;            0.64;            4.38;            4.80;            3.97
249;203948;Johnny O'Bryant III;MIL;66;27;39;            13.0;            4914.4;            0.93;            0.49;            0.44;            4.31;            4.59;            4.03
250;202322;John Wall;WAS;77;37;40;            36.2;            12597.3;            2.39;            1.28;            1.10;            3.95;            4.42;            3.53
251;203098;John Jenkins;PHX;43;18;25;            11.2;            4316.1;            0.82;            0.44;            0.38;            4.37;            4.63;            4.10
252;203089;John Henson;MIL;57;22;35;            16.8;            6022.0;            1.14;            0.58;            0.56;            4.06;            4.25;            3.88
253;203530;Joffrey Lauvergne;DEN;59;24;35;            17.6;            6415.6;            1.22;            0.66;            0.56;            4.12;            4.43;            3.81
254;201202;Joel Anthony;DET;19;12;7;            5.0;            1795.1;            0.34;            0.18;            0.16;            4.05;            4.24;            3.86
255;1626202;Joe Young;IND;41;19;22;            9.3;            3750.1;            0.71;            0.39;            0.32;            4.55;            4.97;            4.11
256;2207;Joe Johnson;MIA;81;31;50;            33.4;            12082.8;            2.29;            1.27;            1.02;            4.11;            4.52;            3.68
257;204060;Joe Ingles;UTA;81;40;41;            15.3;            5564.9;            1.05;            0.59;            0.47;            4.12;            4.35;            3.87
258;203925;Joe Harris;CLE;5;5;0;            3.0;            1119.4;            0.21;            0.12;            0.09;            4.33;            4.28;            4.46
259;201975;Jodie Meeks;DET;3;3;0;            14.5;            5702.3;            1.08;            0.61;            0.47;            4.41;            4.99;            3.83
260;201149;Joakim Noah;CHI;29;15;14;            21.9;            8242.3;            1.56;            0.86;            0.71;            4.27;            4.73;            3.82
261;202710;Jimmy Butler;CHI;67;37;30;            36.9;            13917.1;            2.64;            1.42;            1.21;            4.28;            4.61;            3.95
262;202690;Jimmer Fredette;SAS;6;1;5;            2.9;            1126.2;            0.21;            0.11;            0.10;            4.43;            4.85;            4.04
263;201573;Jerryd Bayless;MIL;52;21;31;            28.9;            10257.4;            1.94;            1.03;            0.91;            4.03;            4.31;            3.76
264;1626170;Jerian Grant;NYK;76;29;47;            16.6;            6308.2;            1.19;            0.65;            0.55;            4.29;            4.58;            4.01
265;202391;Jeremy Lin;CHA;78;47;31;            26.3;            9863.5;            1.87;            1.03;            0.83;            4.25;            4.66;            3.84
266;203087;Jeremy Lamb;CHA;66;40;26;            18.6;            7139.2;            1.35;            0.74;            0.61;            4.35;            4.70;            4.01
267;202379;Jeremy Evans;DAL;30;16;14;            8.4;            3256.0;            0.62;            0.34;            0.27;            4.40;            4.81;            3.98
268;203924;Jerami Grant;PHI;77;9;68;            26.8;            10341.3;            1.96;            1.06;            0.90;            4.37;            4.69;            4.04
269;203481;Jeff Withey;UTA;51;25;26;            12.9;            4744.8;            0.90;            0.50;            0.40;            4.17;            4.46;            3.87
270;201952;Jeff Teague;ATL;79;47;32;            28.5;            9943.1;            1.88;            1.03;            0.86;            3.95;            4.42;            3.51
271;201145;Jeff Green;LAC;80;48;32;            28.2;            9773.4;            1.85;            1.00;            0.86;            3.93;            4.15;            3.70
272;201965;Jeff Ayres;LAC;17;11;6;            6.3;            2292.2;            0.43;            0.24;            0.20;            4.17;            4.26;            3.98
273;201574;Jason Thompson;TOR;47;38;9;            10.0;            3765.6;            0.71;            0.40;            0.31;            4.25;            4.52;            3.95
274;1891;Jason Terry;HOU;72;37;35;            17.5;            6591.2;            1.25;            0.65;            0.60;            4.26;            4.66;            3.91
275;201160;Jason Smith;ORL;75;33;42;            15.3;            5701.0;            1.08;            0.59;            0.49;            4.24;            4.58;            3.90
276;101127;Jarrett Jack;BKN;32;10;22;            32.1;            11728.2;            2.22;            1.21;            1.01;            4.13;            4.49;            3.78
277;203950;Jarnell Stokes;MEM;7;1;6;            2.6;            980.6;            0.19;            0.11;            0.08;            4.18;            4.83;            3.41
278;1626185;Jarell Martin;MEM;27;10;17;            14.1;            5360.2;            1.02;            0.55;            0.46;            4.32;            4.63;            4.01
279;204067;Jarell Eddie;WAS;26;13;13;            5.6;            2181.0;            0.41;            0.24;            0.18;            4.36;            4.92;            3.86
280;203096;Jared Sullinger;BOS;80;46;34;            23.8;            8015.1;            1.52;            0.79;            0.73;            3.83;            4.16;            3.52
281;201162;Jared Dudley;WAS;81;40;41;            25.9;            9794.8;            1.86;            1.01;            0.85;            4.30;            4.87;            3.77
282;203099;Jared Cunningham;CLE;44;31;13;            9.3;            3553.3;            0.67;            0.36;            0.32;            4.33;            4.50;            4.13
283;203923;James Young;BOS;28;11;17;            7.0;            2570.2;            0.49;            0.25;            0.24;            4.16;            4.54;            3.91
284;203949;James Michael McAdoo;GSW;41;37;4;            6.4;            2556.3;            0.48;            0.26;            0.22;            4.55;            4.91;            4.19
285;2592;James Jones;CLE;48;33;15;            9.7;            3547.4;            0.67;            0.38;            0.29;            4.16;            4.55;            3.74
286;201949;James Johnson;TOR;56;34;22;            16.2;            5876.8;            1.11;            0.61;            0.51;            4.12;            4.32;            3.90
287;201935;James Harden;HOU;82;41;41;            38.1;            12744.2;            2.41;            1.27;            1.15;            3.79;            4.12;            3.48
288;203516;James Ennis III;NOP;22;11;11;            14.9;            5630.4;            1.07;            0.58;            0.49;            4.28;            4.64;            3.93
289;202341;James Anderson;SAC;50;19;31;            14.3;            5523.9;            1.05;            0.55;            0.49;            4.37;            4.71;            4.06
290;2749;Jameer Nelson;DEN;39;12;27;            26.6;            9282.0;            1.76;            0.99;            0.77;            3.98;            4.44;            3.48
291;2037;Jamal Crawford;LAC;79;51;28;            26.9;            9233.3;            1.75;            0.95;            0.80;            3.90;            4.19;            3.60
292;1626143;Jahlil Okafor;PHI;53;6;47;            30.0;            10690.5;            2.02;            1.10;            0.92;            4.06;            4.19;            3.89
293;203109;Jae Crowder;BOS;72;42;30;            31.6;            11464.2;            2.17;            1.12;            1.05;            4.11;            4.49;            3.77
294;203953;Jabari Parker;MIL;76;32;44;            31.7;            12308.0;            2.33;            1.23;            1.10;            4.41;            4.78;            4.06
295;201580;JaVale McGee;DAL;34;15;19;            10.9;            3888.5;            0.74;            0.39;            0.34;            4.06;            4.28;            3.85
296;203210;JaMychal Green;MEM;78;39;39;            18.5;            6868.7;            1.30;            0.69;            0.62;            4.20;            4.42;            3.97
297;203960;JaKarr Sampson;DEN;73;18;55;            15.9;            6098.7;            1.16;            0.61;            0.55;            4.35;            4.65;            4.06
298;2747;JR Smith;CLE;77;53;24;            30.7;            10838.4;            2.05;            1.10;            0.95;            4.02;            4.19;            3.83
299;200755;JJ Redick;LAC;75;50;25;            28.0;            10919.8;            2.07;            1.12;            0.95;            4.43;            4.86;            4.00
300;1626266;JJ O'Brien;UTA;2;2;0;            3.1;            1082.0;            0.20;            0.11;            0.10;            3.82;            3.36;            4.42
301;201581;JJ Hickson;WAS;35;17;18;            12.5;            4445.8;            0.84;            0.46;            0.39;            4.05;            4.34;            3.76
302;200826;J.J. Barea;DAL;74;38;36;            22.5;            8457.2;            1.60;            0.90;            0.70;            4.27;            4.71;            3.81
303;202397;Ish Smith;PHI;77;16;61;            29.1;            11748.3;            2.23;            1.25;            0.98;            4.60;            5.19;            4.00
304;202738;Isaiah Thomas;BOS;81;47;34;            32.2;            11879.4;            2.25;            1.24;            1.01;            4.17;            4.84;            3.57
305;203477;Isaiah Canaan;PHI;77;10;67;            25.5;            9253.7;            1.75;            0.95;            0.80;            4.12;            4.34;            3.87
306;202697;Iman Shumpert;CLE;54;39;15;            24.4;            8900.7;            1.69;            0.90;            0.78;            4.15;            4.31;            3.98
307;101133;Ian Mahinmi;IND;71;41;30;            25.6;            9085.4;            1.72;            0.90;            0.82;            4.03;            4.31;            3.77
308;203546;Ian Clark;GSW;66;59;7;            8.8;            3439.2;            0.65;            0.37;            0.29;            4.45;            4.89;            3.97
309;203138;Hollis Thompson;PHI;77;10;67;            28.0;            10624.5;            2.01;            1.08;            0.94;            4.31;            4.54;            4.07
310;203156;Henry Sims;BKN;14;2;12;            18.8;            6988.5;            1.32;            0.70;            0.62;            4.21;            4.52;            3.92
311;202355;Hassan Whiteside;MIA;73;42;31;            29.1;            9890.3;            1.87;            1.00;            0.87;            3.85;            4.02;            3.68
312;203084;Harrison Barnes;GSW;66;59;7;            30.9;            11934.4;            2.26;            1.20;            1.06;            4.38;            4.87;            3.92
313;202349;Greivis Vasquez;MIL;23;9;14;            20.0;            7612.4;            1.44;            0.78;            0.66;            4.33;            4.75;            3.94
314;202962;Greg Smith;MIN;18;8;10;            10.7;            3654.8;            0.69;            0.36;            0.33;            3.90;            4.10;            3.71
315;202328;Greg Monroe;MIL;79;32;47;            29.3;            10027.3;            1.90;            0.95;            0.95;            3.89;            3.96;            3.81
316;203476;Gorgui Dieng;MIN;82;29;53;            27.1;            9440.3;            1.79;            0.94;            0.85;            3.96;            4.17;            3.76
317;202330;Gordon Hayward;UTA;80;38;42;            36.2;            13392.1;            2.54;            1.46;            1.08;            4.20;            4.61;            3.75
318;201609;Goran Dragic;MIA;72;44;28;            32.8;            12685.9;            2.40;            1.37;            1.03;            4.39;            4.88;            3.86
319;203922;Glenn Robinson;IND;45;24;21;            11.3;            4471.6;            0.85;            0.47;            0.38;            4.49;            4.78;            4.16
320;203507;Giannis Antetokounmpo;MIL;80;32;48;            35.3;            12738.0;            2.41;            1.29;            1.13;            4.09;            4.47;            3.74
321;201945;Gerald Henderson;POR;72;39;33;            19.9;            7490.3;            1.42;            0.79;            0.63;            4.29;            4.66;            3.91
322;101123;Gerald Green;MIA;69;40;29;            22.6;            8314.9;            1.57;            0.84;            0.74;            4.18;            4.38;            3.96
323;201588;George Hill;IND;74;41;33;            34.1;            12483.6;            2.36;            1.27;            1.09;            4.16;            4.49;            3.83
324;202390;Gary Neal;WAS;40;18;22;            20.2;            7414.5;            1.40;            0.73;            0.67;            4.17;            4.56;            3.81
325;203914;Gary Harris;DEN;76;31;45;            32.1;            11837.6;            2.24;            1.19;            1.05;            4.18;            4.47;            3.89
326;202066;Garrett Temple;WAS;80;40;40;            24.4;            9376.6;            1.78;            0.92;            0.86;            4.36;            4.75;            4.02
327;1626163;Frank Kaminsky;CHA;81;47;34;            21.1;            8238.7;            1.56;            0.89;            0.67;            4.43;            5.02;            3.82
328;203105;Festus Ezeli;GSW;46;42;4;            16.7;            6369.2;            1.21;            0.64;            0.57;            4.31;            4.85;            3.86
329;202323;Evan Turner;BOS;80;46;34;            28.1;            9947.5;            1.88;            1.00;            0.88;            4.02;            4.41;            3.65
330;203095;Evan Fournier;ORL;78;33;45;            32.5;            12668.6;            2.40;            1.32;            1.08;            4.43;            4.92;            3.95
331;101141;Ersan Ilyasova;ORL;74;35;39;            25.4;            9233.6;            1.75;            0.96;            0.79;            4.12;            4.54;            3.70
332;203475;Erick Green;DEN;9;6;3;            4.7;            1806.8;            0.34;            0.20;            0.14;            4.40;            4.64;            4.12
333;203961;Eric Moreland;SAC;7;1;6;            6.2;            2519.1;            0.48;            0.25;            0.23;            4.55;            5.01;            4.18
334;201569;Eric Gordon;NOP;45;14;31;            32.9;            11999.6;            2.27;            1.23;            1.04;            4.13;            4.63;            3.67
335;202339;Eric Bledsoe;PHX;31;12;19;            34.1;            12752.0;            2.42;            1.30;            1.11;            4.26;            4.67;            3.84
336;202683;Enes Kanter;OKC;82;55;27;            21.0;            7887.1;            1.49;            0.84;            0.66;            4.26;            4.72;            3.79
337;1626144;Emmanuel Mudiay;DEN;68;29;39;            30.4;            11731.7;            2.22;            1.26;            0.96;            4.38;            4.98;            3.77
338;1882;Elton Brand;PHI;17;2;15;            13.2;            4646.5;            0.88;            0.48;            0.40;            4.00;            4.29;            3.71
339;202343;Elliot Williams;CHA;5;4;1;            9.0;            3537.6;            0.67;            0.34;            0.33;            4.51;            4.61;            4.10
340;202407;Elijah Millsap;UTA;20;9;11;            8.6;            3268.3;            0.62;            0.33;            0.29;            4.31;            4.50;            4.09
341;203901;Elfrid Payton;ORL;72;32;40;            29.5;            11820.6;            2.24;            1.17;            1.07;            4.54;            4.82;            4.27
342;204002;Edy Tavares;ATL;11;7;4;            6.6;            2395.2;            0.45;            0.24;            0.21;            4.10;            4.58;            3.64
343;202334;Ed Davis;POR;81;43;38;            20.8;            7573.2;            1.43;            0.78;            0.65;            4.15;            4.39;            3.88
344;202734;E'Twaun Moore;CHI;59;29;30;            21.4;            8259.3;            1.56;            0.84;            0.72;            4.37;            4.75;            3.99
345;2548;Dwyane Wade;MIA;74;43;31;            30.5;            10746.9;            2.04;            1.14;            0.90;            3.99;            4.33;            3.64
346;203939;Dwight Powell;DAL;69;35;34;            14.4;            5639.7;            1.07;            0.59;            0.48;            4.46;            4.86;            4.02
347;2730;Dwight Howard;HOU;71;34;37;            32.1;            10780.1;            2.04;            1.06;            0.99;            3.81;            4.09;            3.54
348;1626251;Duje Dukan;SAC;1;0;1;            24.2;            9874.0;            1.87;            1.12;            0.75;            4.67;            4.81;            4.59
349;2400;Drew Gooden;WAS;30;18;12;            10.2;            3792.8;            0.72;            0.38;            0.34;            4.23;            4.43;            4.01
350;203110;Draymond Green;GSW;81;73;8;            34.7;            11798.5;            2.23;            1.18;            1.05;            3.86;            4.38;            3.41
351;203926;Doug McDermott;CHI;81;41;40;            23.0;            9064.7;            1.72;            0.93;            0.79;            4.48;            4.86;            4.09
352;202700;Donatas Motiejunas;HOU;37;19;18;            14.8;            5763.7;            1.09;            0.56;            0.53;            4.42;            4.74;            4.14
353;202388;Donald Sloan;BKN;61;13;48;            21.6;            8356.2;            1.58;            0.87;            0.72;            4.39;            4.83;            3.97
354;1717;Dirk Nowitzki;DAL;75;38;37;            31.5;            10203.7;            1.93;            1.05;            0.88;            3.68;            3.90;            3.44
355;203079;Dion Waiters;OKC;78;53;25;            27.6;            9511.5;            1.80;            0.95;            0.85;            3.90;            4.14;            3.67
356;203473;Dewayne Dedmon;ORL;58;21;37;            12.2;            4434.3;            0.84;            0.43;            0.41;            4.14;            4.51;            3.81
357;203906;Devyn Marble;ORL;28;12;16;            8.9;            3567.7;            0.68;            0.35;            0.33;            4.54;            4.81;            4.30
358;2734;Devin Harris;DAL;64;35;29;            20.0;            7211.3;            1.37;            0.75;            0.61;            4.10;            4.43;            3.76
359;1626164;Devin Booker;PHX;76;20;56;            27.7;            10287.0;            1.95;            1.04;            0.91;            4.21;            4.49;            3.93
360;202682;Derrick Williams;NYK;80;32;48;            17.9;            6353.8;            1.20;            0.66;            0.54;            4.02;            4.32;            3.70
361;201565;Derrick Rose;CHI;66;32;34;            31.8;            11848.8;            2.24;            1.22;            1.03;            4.24;            4.63;            3.85
362;202324;Derrick Favors;UTA;62;30;32;            32.0;            11310.3;            2.14;            1.19;            0.95;            4.01;            4.22;            3.77
363;101114;Deron Williams;DAL;65;31;34;            32.4;            12072.5;            2.29;            1.31;            0.98;            4.23;            4.76;            3.68
364;203471;Dennis Schroder;ATL;80;47;33;            20.3;            7858.0;            1.49;            0.78;            0.71;            4.40;            4.82;            4.01
365;1626153;Delon Wright;TOR;27;19;8;            8.5;            3277.5;            0.62;            0.35;            0.27;            4.39;            4.73;            4.05
366;201960;DeMarre Carroll;TOR;26;16;10;            30.3;            10779.3;            2.04;            1.11;            0.93;            4.04;            4.06;            4.02
367;202326;DeMarcus Cousins;SAC;64;29;35;            34.7;            11002.2;            2.08;            1.07;            1.01;            3.60;            3.83;            3.39
368;201942;DeMar DeRozan;TOR;77;52;25;            35.9;            12925.0;            2.45;            1.42;            1.03;            4.09;            4.48;            3.64
369;201971;DeJuan Blair;WAS;29;12;17;            7.5;            2592.7;            0.49;            0.25;            0.24;            3.89;            4.09;            3.77
370;201599;DeAndre Jordan;LAC;77;51;26;            33.7;            11301.9;            2.14;            1.11;            1.03;            3.79;            4.01;            3.59
371;2561;David West;SAS;78;63;15;            18.0;            5976.5;            1.13;            0.61;            0.52;            3.77;            3.99;            3.54
372;101135;David Lee;DAL;54;26;28;            16.4;            6027.0;            1.14;            0.60;            0.54;            4.17;            4.44;            3.90
373;1626199;Darrun Hilliard;DET;38;17;21;            10.1;            3762.7;            0.71;            0.38;            0.33;            4.23;            4.60;            3.88
374;201954;Darren Collison;SAC;73;29;44;            30.0;            11082.2;            2.10;            1.09;            1.01;            4.19;            4.45;            3.95
375;201589;Darrell Arthur;DEN;70;26;44;            21.7;            7616.8;            1.44;            0.78;            0.66;            3.99;            4.33;            3.64
376;201967;Dante Cunningham;NOP;80;28;52;            24.6;            9743.5;            1.85;            0.98;            0.86;            4.47;            4.92;            4.06
377;201980;Danny Green;SAS;79;65;14;            26.1;            10430.4;            1.98;            1.09;            0.88;            4.55;            4.84;            4.22
378;201568;Danilo Gallinari;DEN;53;22;31;            34.7;            11930.8;            2.26;            1.26;            1.00;            3.90;            4.28;            3.51
379;204014;Damjan Rudez;MIN;33;9;24;            8.4;            3110.4;            0.59;            0.31;            0.27;            4.19;            4.70;            3.79
380;203996;Damien Inglis;MIL;20;5;15;            7.8;            2803.7;            0.53;            0.27;            0.26;            4.05;            4.34;            3.78
381;203081;Damian Lillard;POR;75;40;35;            35.7;            13043.0;            2.47;            1.41;            1.06;            4.14;            4.64;            3.65
382;2563;Dahntay Jones;CLE;1;0;1;            42.4;            15576.0;            2.95;            1.49;            1.46;            4.27;            4.23;            4.21
383;201571;D.J. Augustin;DEN;62;35;27;            19.0;            6786.5;            1.29;            0.71;            0.57;            4.04;            4.43;            3.65
384;1626156;D'Angelo Russell;LAL;80;17;63;            28.2;            10776.5;            2.04;            1.14;            0.91;            4.33;            4.65;            3.97
385;1626245;Cristiano Felicio;CHI;31;14;17;            10.3;            3988.9;            0.76;            0.41;            0.35;            4.36;            4.73;            4.01
386;201584;Courtney Lee;CHA;79;49;30;            29.6;            10841.4;            2.05;            1.10;            0.95;            4.17;            4.35;            3.96
387;1626262;Coty Clarke;BOS;3;0;3;            1.9;            704.0;            0.13;            0.08;            0.06;            4.17;            3.87;            4.48
388;202709;Cory Joseph;TOR;79;53;26;            25.4;            9934.5;            1.88;            1.05;            0.83;            4.42;            4.73;            4.09
389;203928;Cory Jefferson;PHX;8;2;6;            6.3;            2329.9;            0.44;            0.24;            0.20;            4.20;            4.79;            3.84
390;201147;Corey Brewer;HOU;82;41;41;            20.4;            7784.7;            1.47;            0.75;            0.73;            4.33;            4.62;            4.07
391;202332;Cole Aldrich;LAC;60;41;19;            13.3;            4834.7;            0.92;            0.49;            0.42;            4.11;            4.39;            3.83
392;203469;Cody Zeller;CHA;73;42;31;            24.3;            9486.7;            1.80;            0.99;            0.80;            4.43;            4.92;            3.93
393;203991;Clint Capela;HOU;77;39;38;            19.1;            7197.3;            1.36;            0.70;            0.66;            4.27;            4.60;            3.97
394;1626146;Cliff Alexander;POR;8;3;5;            4.5;            1715.9;            0.32;            0.17;            0.15;            4.32;            4.69;            3.99
395;203921;Cleanthony Early;NYK;17;6;11;            9.1;            3332.7;            0.63;            0.34;            0.29;            4.18;            4.61;            3.78
396;1626174;Christian Wood;PHI;17;0;17;            8.5;            3270.4;            0.62;            0.33;            0.29;            4.46;            4.91;            4.09
397;101108;Chris Paul;LAC;74;50;24;            32.7;            11270.7;            2.13;            1.15;            0.98;            3.90;            4.25;            3.57
398;1626191;Chris McCullough;BKN;24;7;17;            15.1;            6133.6;            1.16;            0.64;            0.53;            4.63;            5.14;            4.12
399;2549;Chris Kaman;POR;16;11;5;            7.0;            2349.4;            0.44;            0.25;            0.20;            3.79;            3.98;            3.59
400;203187;Chris Johnson;UTA;70;38;32;            12.2;            4797.2;            0.91;            0.49;            0.42;            4.45;            4.65;            4.24
401;203142;Chris Copeland;MIL;24;10;14;            6.5;            2213.1;            0.42;            0.21;            0.21;            3.87;            3.97;            3.80
402;2547;Chris Bosh;MIA;53;29;24;            33.5;            11107.0;            2.10;            1.14;            0.96;            3.75;            4.04;            3.47
403;2365;Chris Andersen;MEM;27;11;16;            14.9;            5297.5;            1.00;            0.53;            0.47;            4.03;            4.26;            3.81
404;201978;Chase Budinger;PHX;66;29;37;            14.1;            5320.0;            1.01;            0.55;            0.46;            4.28;            4.70;            3.88
405;101111;Charlie Villanueva;DAL;62;29;33;            10.7;            3955.8;            0.75;            0.41;            0.34;            4.18;            4.56;            3.82
406;101236;Charles Hayes;LAC;2;1;1;            11.9;            4224.0;            0.80;            0.43;            0.38;            4.00;            4.69;            3.88
407;101112;Channing Frye;CLE;69;35;34;            17.1;            5922.0;            1.12;            0.62;            0.50;            3.94;            4.34;            3.54
408;202718;Chandler Parsons;DAL;61;29;32;            29.5;            10914.9;            2.07;            1.16;            0.90;            4.21;            4.67;            3.74
409;2406;Caron Butler;SAC;16;2;14;            10.5;            3620.2;            0.69;            0.37;            0.31;            3.93;            4.28;            3.60
410;2546;Carmelo Anthony;NYK;72;32;40;            35.1;            11728.2;            2.22;            1.22;            1.00;            3.79;            4.02;            3.54
411;201171;Carl Landry;PHI;36;5;31;            15.8;            5703.9;            1.08;            0.58;            0.50;            4.10;            4.31;            3.86
412;1626166;Cameron Payne;OKC;57;44;13;            12.2;            4778.8;            0.91;            0.50;            0.40;            4.42;            4.78;            4.03
413;203946;Cameron Bairstow;DET;18;4;14;            5.7;            2012.3;            0.38;            0.20;            0.18;            4.01;            4.40;            3.59
414;203912;CJ Wilcox;LAC;23;15;8;            7.3;            2660.7;            0.50;            0.27;            0.23;            4.16;            4.34;            3.98
415;201228;CJ Watson;ORL;33;14;19;            19.9;            7820.9;            1.48;            0.80;            0.68;            4.46;            4.98;            3.97
416;101139;CJ Miles;IND;64;34;30;            22.9;            8015.7;            1.52;            0.82;            0.70;            3.98;            4.33;            3.65
417;203468;CJ McCollum;POR;80;44;36;            34.8;            13576.9;            2.57;            1.48;            1.09;            4.45;            5.01;            3.87
418;1626214;Bryce Dejean-Jones;NOP;14;8;6;            19.9;            7516.4;            1.42;            0.76;            0.67;            4.28;            4.71;            3.92
419;203955;Bryce Cotton;MEM;8;1;7;            4.8;            1993.3;            0.38;            0.19;            0.19;            4.61;            4.99;            4.35
420;203998;Bruno Caboclo;TOR;6;6;0;            7.1;            2842.5;            0.54;            0.30;            0.23;            4.51;            4.66;            4.28
421;201572;Brook Lopez;BKN;73;21;52;            33.6;            11648.6;            2.21;            1.15;            1.06;            3.93;            4.09;            3.77
422;1627362;Briante Weber;MIA;7;3;4;            24.1;            9489.1;            1.80;            1.00;            0.80;            4.46;            4.58;            4.34
423;203148;Brian Roberts;POR;51;26;25;            9.2;            3491.0;            0.66;            0.37;            0.29;            4.29;            4.74;            3.83
424;201575;Brandon Rush;GSW;72;63;9;            14.7;            5758.1;            1.09;            0.58;            0.51;            4.46;            4.91;            4.03
425;202688;Brandon Knight;PHX;52;16;36;            36.0;            13666.0;            2.59;            1.40;            1.18;            4.31;            4.70;            3.91
426;201943;Brandon Jennings;ORL;48;20;28;            18.1;            6982.8;            1.32;            0.73;            0.59;            4.38;            4.88;            3.90
427;101138;Brandon Bass;LAL;66;16;50;            20.3;            7411.2;            1.40;            0.76;            0.64;            4.12;            4.42;            3.82
428;1626183;Branden Dawson;LAC;6;5;1;            4.8;            1707.3;            0.32;            0.18;            0.15;            3.94;            4.10;            4.19
429;201148;Brandan Wright;MEM;12;6;6;            17.7;            6208.4;            1.18;            0.64;            0.54;            3.98;            4.24;            3.72
430;203078;Bradley Beal;WAS;55;28;27;            31.1;            11722.5;            2.22;            1.17;            1.05;            4.28;            4.69;            3.91
431;2564;Boris Diaw;SAS;76;64;12;            18.2;            6759.2;            1.28;            0.72;            0.56;            4.21;            4.60;            3.81
432;202711;Bojan Bogdanovic;BKN;79;21;58;            26.8;            9857.6;            1.87;            0.99;            0.88;            4.18;            4.41;            3.95
433;1626171;Bobby Portis;CHI;62;29;33;            17.8;            6821.4;            1.29;            0.69;            0.60;            4.36;            4.70;            4.03
434;1626246;Boban Marjanovic;SAS;54;47;7;            9.4;            3324.4;            0.63;            0.34;            0.29;            4.01;            4.08;            3.95
435;201933;Blake Griffin;LAC;35;22;13;            33.4;            11057.9;            2.09;            1.12;            0.98;            3.76;            4.05;            3.48
436;202687;Bismack Biyombo;TOR;81;55;26;            22.1;            7864.6;            1.49;            0.81;            0.68;            4.05;            4.27;            3.81
437;2757;Beno Udrih;MEM;44;26;18;            16.1;            6335.9;            1.20;            0.70;            0.50;            4.45;            5.09;            3.78
438;203463;Ben McLemore;SAC;67;28;39;            21.2;            8618.3;            1.63;            0.86;            0.78;            4.62;            5.06;            4.22
439;1626253;Axel Toupane;DEN;21;9;12;            14.5;            5538.9;            1.05;            0.55;            0.50;            4.32;            4.58;            4.10
440;202340;Avery Bradley;BOS;75;44;31;            33.4;            12487.5;            2.37;            1.18;            1.19;            4.24;            4.46;            4.03
441;203085;Austin Rivers;LAC;67;42;25;            21.9;            8201.3;            1.55;            0.82;            0.74;            4.26;            4.48;            4.04
442;201167;Arron Afflalo;NYK;71;27;44;            33.4;            12211.0;            2.31;            1.30;            1.01;            4.15;            4.53;            3.76
443;203382;Aron Baynes;DET;81;43;38;            15.2;            5366.1;            1.02;            0.54;            0.47;            3.99;            4.21;            3.78
444;203462;Archie Goodwin;PHX;57;14;43;            19.5;            7407.7;            1.40;            0.75;            0.65;            4.31;            4.64;            4.00
445;201229;Anthony Tolliver;DET;72;36;36;            18.6;            6751.8;            1.28;            0.71;            0.57;            4.11;            4.54;            3.66
446;201627;Anthony Morrow;OKC;68;46;22;            13.6;            4924.4;            0.93;            0.51;            0.42;            4.09;            4.48;            3.71
447;203076;Anthony Davis;NOP;61;24;37;            35.5;            12282.5;            2.33;            1.23;            1.10;            3.92;            4.28;            3.58
448;1626148;Anthony Brown;LAL;29;4;25;            20.6;            7845.3;            1.49;            0.79;            0.69;            4.31;            4.48;            4.13
449;203461;Anthony Bennett;TOR;19;12;7;            4.4;            1700.7;            0.32;            0.18;            0.15;            4.36;            4.54;            4.11
450;203952;Andrew Wiggins;MIN;81;29;52;            35.1;            12375.4;            2.34;            1.25;            1.09;            4.01;            4.32;            3.69
451;203094;Andrew Nicholson;ORL;55;22;33;            14.9;            5314.6;            1.01;            0.53;            0.47;            4.05;            4.24;            3.83
452;202726;Andrew Goudelock;HOU;8;5;3;            6.2;            2237.5;            0.42;            0.22;            0.21;            4.08;            4.73;            3.57
453;101106;Andrew Bogut;GSW;70;62;8;            20.7;            6888.9;            1.30;            0.68;            0.62;            3.77;            4.19;            3.40
454;200745;Andrea Bargnani;BKN;46;11;35;            13.8;            4885.1;            0.93;            0.50;            0.42;            4.04;            4.28;            3.77
455;203460;Andre Roberson;OKC;70;48;22;            22.2;            8837.2;            1.67;            0.85;            0.82;            4.52;            4.77;            4.27
456;1889;Andre Miller;SAS;39;20;19;            11.8;            4038.5;            0.76;            0.42;            0.34;            3.86;            4.20;            3.52
457;2738;Andre Iguodala;GSW;65;59;6;            26.6;            9636.4;            1.83;            0.97;            0.86;            4.11;            4.57;            3.67
458;203083;Andre Drummond;DET;81;43;38;            32.9;            11244.5;            2.13;            1.11;            1.02;            3.88;            4.07;            3.68
459;2760;Anderson Varejao;GSW;53;41;12;            9.3;            3547.6;            0.67;            0.37;            0.30;            4.31;            4.57;            4.01
460;101161;Amir Johnson;BOS;78;44;34;            22.8;            8089.9;            1.53;            0.78;            0.75;            4.02;            4.33;            3.75
461;2405;Amar'e Stoudemire;MIA;52;30;22;            14.7;            5123.6;            0.97;            0.52;            0.45;            3.97;            4.16;            3.77
462;202087;Alonzo Gee;NOP;73;27;46;            22.4;            8865.4;            1.68;            0.86;            0.82;            4.49;            4.77;            4.23
463;203459;Allen Crabbe;POR;81;43;38;            26.0;            9712.6;            1.84;            1.02;            0.82;            4.25;            4.64;            3.85
464;201582;Alexis Ajinca;NOP;59;20;39;            14.6;            5168.2;            0.98;            0.52;            0.46;            4.02;            4.40;            3.66
465;1627293;Alex Stepheson;MEM;8;2;6;            9.0;            3293.5;            0.62;            0.34;            0.28;            4.13;            4.16;            4.14
466;203458;Alex Len;PHX;78;23;55;            23.3;            8279.4;            1.57;            0.85;            0.72;            4.02;            4.31;            3.72
467;202692;Alec Burks;UTA;31;13;18;            25.7;            9481.8;            1.80;            0.98;            0.82;            4.19;            4.41;            3.93
468;1626210;Alan Williams;PHX;10;3;7;            6.8;            2508.1;            0.48;            0.26;            0.22;            4.21;            4.58;            3.83
469;101187;Alan Anderson;WAS;13;8;5;            14.8;            5300.5;            1.00;            0.50;            0.50;            4.08;            4.37;            3.82
470;202329;Al-Farouq Aminu;POR;82;44;38;            28.6;            10881.3;            2.06;            1.14;            0.92;            4.33;            4.73;            3.92
471;2744;Al Jefferson;CHA;47;33;14;            23.3;            8024.4;            1.52;            0.81;            0.71;            3.90;            4.09;            3.72
472;201143;Al Horford;ATL;82;48;34;            32.1;            11312.7;            2.14;            1.13;            1.01;            3.99;            4.38;            3.63
473;203940;Adreian Payne;MIN;52;18;34;            9.3;            3506.2;            0.66;            0.36;            0.30;            4.25;            4.56;            3.95
474;201166;Aaron Brooks;CHI;69;36;33;16.1;5731.5;1.09;0.58;0.50;4.06;4.37;3.75
475;203932;Aaron Gordon;ORL;77;32;45;24.1;9567.8;1.81;1.00;0.81;4.49;5.05;3.96